Workbook

Sheet Employee Data
A1: Employee_ID | B1: Age | C1: Gender | D1: Department | E1: Job_Role | F1: Tenure (Years) | G1: Annual Salary (INR) | H1: Training_Hours | I1: Performance_Rating | J1: Overtime (Yes/No) | K1: Attrition (Yes/No) | L1: Monthly Salary (INR) | M1: Tenure Group | N1: Department Median Salary (INR) | O1: Attrition Risk Score | P1: Risk Level
A2: EMP1002 | B2: 34 | C2: M | D2: IT | E2: IT Support | F2: 14.3 | G2: 985000 | H2: 17 | I2: 3 | J2: Yes | K2: No | L2: =G2/12 | M2: =IF(F2<=2,"0-2 yrs",IF(F2<=5,"3-5 yrs",IF(F2<=10,"6-10 yrs","10+ yrs"))) | N2: =MEDIANIFS($G$2:$G$201,$D$2:$D$201,D2) | O2: =MIN(100,IF(F2<=2,20,0)+IF(I2<=2,25,0)+IF(G2<N2,15,0)+IF(J2="Yes",20,0)+IF(H2<5,10,0)) | P2: =IF(O2>=70,"High",IF(O2>=40,"Medium","Low"))
A3: EMP1003 | B3: 25 | C3: F | D3: HR | E3: HR Analyst | F3: 10.9 | G3: 545000 | H3: 13 | I3: 3 | J3: No | K3: No | L3: =G3/12 | M3: =IF(F3<=2,"0-2 yrs",IF(F3<=5,"3-5 yrs",IF(F3<=10,"6-10 yrs","10+ yrs"))) | N3: =MEDIANIFS($G$2:$G$201,$D$2:$D$201,D3) | O3: =MIN(100,IF(F3<=2,20,0)+IF(I3<=2,25,0)+IF(G3<N3,15,0)+IF(J3="Yes",20,0)+IF(H3<5,10,0)) | P3: =IF(O3>=70,"High",IF(O3>=40,"Medium","Low"))
A4: EMP1004 | B4: 28 | C4: M | D4: IT | E4: Data Analyst | F4: 9.3 | G4: 485000 | H4: 20 | I4: 3 | J4: No | K4: No | L4: =G4/12 | M4: =IF(F4<=2,"0-2 yrs",IF(F4<=5,"3-5 yrs",IF(F4<=10,"6-10 yrs","10+ yrs"))) | N4: =MEDIANIFS($G$2:$G$201,$D$2:$D$201,D4) | O4: =MIN(100,IF(F4<=2,20,0)+IF(I4<=2,25,0)+IF(G4<N4,15,0)+IF(J4="Yes",20,0)+IF(H4<5,10,0)) | P4: =IF(O4>=70,"High",IF(O4>=40,"Medium","Low"))
A5: EMP1005 | B5: 26 | C5: M | D5: Operations | E5: Process Analyst | F5: 10.3 | G5: 515000 | H5: 27 | I5: 2 | J5: No | K5: No | L5: =G5/12 | M5: =IF(F5<=2,"0-2 yrs",IF(F5<=5,"3-5 yrs",IF(F5<=10,"6-10 yrs","10+ yrs"))) | N5: =MEDIANIFS($G$2:$G$201,$D$2:$D$201,D5) | O5: =MIN(100,IF(F5<=2,20,0)+IF(I5<=2,25,0)+IF(G5<N5,15,0)+IF(J5="Yes",20,0)+IF(H5<5,10,0)) | P5: =IF(O5>=70,"High",IF(O5>=40,"Medium","Low"))
A6: EMP1006 | B6: 35 | C6: M | D6: Finance | E6: Financial Analyst | F6: 7.5 | G6: 380000 | H6: 21 | I6: 1 | J6: No | K6: No | L6: =G6/12 | M6: =IF(F6<=2,"0-2 yrs",IF(F6<=5,"3-5 yrs",IF(F6<=10,"6-10 yrs","10+ yrs"))) | N6: =MEDIANIFS($G$2:$G$201,$D$2:$D$201,D6) | O6: =MIN(100,IF(F6<=2,20,0)+IF(I6<=2,25,0)+IF(G6<N6,15,0)+IF(J6="Yes",20,0)+IF(H6<5,10,0)) | P6: =IF(O6>=70,"High",IF(O6>=40,"Medium","Low"))
A7: EMP1007 | B7: 22 | C7: F | D7: IT | E7: IT Support | F7: 13.9 | G7: 620000 | H7: 14 | I7: 3 | J7: Yes | K7: No | L7: =G7/12 | M7: =IF(F7<=2,"0-2 yrs",IF(F7<=5,"3-5 yrs",IF(F7<=10,"6-10 yrs","10+ yrs"))) | N7: =MEDIANIFS($G$2:$G$201,$D$2:$D$201,D7) | O7: =MIN(100,IF(F7<=2,20,0)+IF(I7<=2,25,0)+IF(G7<N7,15,0)+IF(J7="Yes",20,0)+IF(H7<5,10,0)) | P7: =IF(O7>=70,"High",IF(O7>=40,"Medium","Low"))
A8: EMP1008 | B8: 24 | C8: F | D8: IT | E8: Software Engineer | F8: 4.4 | G8: 675000 | H8: 17 | I8: 3 | J8: Yes | K8: Yes | L8: =G8/12 | M8: =IF(F8<=2,"0-2 yrs",IF(F8<=5,"3-5 yrs",IF(F8<=10,"6-10 yrs","10+ yrs"))) | N8: =MEDIANIFS($G$2:$G$201,$D$2:$D$201,D8) | O8: =MIN(100,IF(F8<=2,20,0)+IF(I8<=2,25,0)+IF(G8<N8,15,0)+IF(J8="Yes",20,0)+IF(H8<5,10,0)) | P8: =IF(O8>=70,"High",IF(O8>=40,"Medium","Low"))
A9: EMP1009 | B9: 29 | C9: F | D9: Finance | E9: Finance Executive | F9: 10.7 | G9: 600000 | H9: 11 | I9: 2 | J9: No | K9: No | L9: =G9/12 | M9: =IF(F9<=2,"0-2 yrs",IF(F9<=5,"3-5 yrs",IF(F9<=10,"6-10 yrs","10+ yrs"))) | N9: =MEDIANIFS($G$2:$G$201,$D$2:$D$201,D9) | O9: =MIN(100,IF(F9<=2,20,0)+IF(I9<=2,25,0)+IF(G9<N9,15,0)+IF(J9="Yes",20,0)+IF(H9<5,10,0)) | P9: =IF(O9>=70,"High",IF(O9>=40,"Medium","Low"))
A10: EMP1010 | B10: 24 | C10: F | D10: IT | E10: Data Analyst | F10: 1.1 | G10: 385000 | H10: 17 | I10: 2 | J10: No | K10: No | L10: =G10/12 | M10: =IF(F10<=2,"0-2 yrs",IF(F10<=5,"3-5 yrs",IF(F10<=10,"6-10 yrs","10+ yrs"))) | N10: =MEDIANIFS($G$2:$G$201,$D$2:$D$201,D10) | O10: =MIN(100,IF(F10<=2,20,0)+IF(I10<=2,25,0)+IF(G10<N10,15,0)+IF(J10="Yes",20,0)+IF(H10<5,10,0)) | P10: =IF(O10>=70,"High",IF(O10>=40,"Medium","Low"))
A11: EMP1011 | B11: 37 | C11: M | D11: Sales | E11: Sales Executive | F11: 11.6 | G11: 510000 | H11: 21 | I11: 3 | J11: Yes | K11: No | L11: =G11/12 | M11: =IF(F11<=2,"0-2 yrs",IF(F11<=5,"3-5 yrs",IF(F11<=10,"6-10 yrs","10+ yrs"))) | N11: =MEDIANIFS($G$2:$G$201,$D$2:$D$201,D11) | O11: =MIN(100,IF(F11<=2,20,0)+IF(I11<=2,25,0)+IF(G11<N11,15,0)+IF(J11="Yes",20,0)+IF(H11<5,10,0)) | P11: =IF(O11>=70,"High",IF(O11>=40,"Medium","Low"))
A12: EMP1012 | B12: 26 | C12: F | D12: Sales | E12: Business Development Executive | F12: 8.5 | G12: 740000 | H12: 10 | I12: 1 | J12: Yes | K12: Yes | L12: =G12/12 | M12: =IF(F12<=2,"0-2 yrs",IF(F12<=5,"3-5 yrs",IF(F12<=10,"6-10 yrs","10+ yrs"))) | N12: =MEDIANIFS($G$2:$G$201,$D$2:$D$201,D12) | O12: =MIN(100,IF(F12<=2,20,0)+IF(I12<=2,25,0)+IF(G12<N12,15,0)+IF(J12="Yes",20,0)+IF(H12<5,10,0)) | P12: =IF(O12>=70,"High",IF(O12>=40,"Medium","Low"))
A13: EMP1013 | B13: 35 | C13: F | D13: Customer Support | E13: Customer Success Associate | F13: 12.2 | G13: 320000 | H13: 15 | I13: 3 | J13: No | K13: No | L13: =G13/12 | M13: =IF(F13<=2,"0-2 yrs",IF(F13<=5,"3-5 yrs",IF(F13<=10,"6-10 yrs","10+ yrs"))) | N13: =MEDIANIFS($G$2:$G$201,$D$2:$D$201,D13) | O13: =MIN(100,IF(F13<=2,20,0)+IF(I13<=2,25,0)+IF(G13<N13,15,0)+IF(J13="Yes",20,0)+IF(H13<5,10,0)) | P13: =IF(O13>=70,"High",IF(O13>=40,"Medium","Low"))
... A201: EMP1201 | B201: 33 | C201: F | D201: Operations | E201: Process Analyst | F201: 8.5 | G201: 365000 | H201: 8 | I201: 3 | J201: No | K201: No | L201: =G201/12 | M201: =IF(F201<=2,"0-2 yrs",IF(F201<=5,"3-5 yrs",IF(F201<=10,"6-10 yrs","10+ yrs"))) | N201: =MEDIANIFS($G$2:$G$201,$D$2:$D$201,D201) | O201: =MIN(100,IF(F201<=2,20,0)+IF(I201<=2,25,0)+IF(G201<N201,15,0)+IF(J201="Yes",20,0)+IF(H201<5,10,0)) | P201: =IF(O201>=70,"High",IF(O201>=40,"Medium","Low"))

Sheet HR Dashboard
A1: EMPLOYEE ATTRITION & RETENTION DASHBOARD
A2: Sample dataset: 200 employees | Currency: INR (₹)
A4: Total Employees | C4: Attrition Rate % | E4: Average Tenure | G4: Overtime %
A5: =COUNTA('Employee Data'!A2:A201) | C5: =COUNTIF('Employee Data'!K2:K201,"Yes")/COUNTA('Employee Data'!A2:A201) | E5: =AVERAGE('Employee Data'!F2:F201) | G5: =COUNTIF('Employee Data'!J2:J201,"Yes")/COUNTA('Employee Data'!A2:A201)
A7: High-Risk Employees | C7: High Performer Attrition % | E7: Average Salary (INR) | G7: Average Training Hours
A8: =COUNTIF('Employee Data'!P2:P201,"High") | C8: =COUNTIFS('Employee Data'!I2:I201,">=4",'Employee Data'!K2:K201,"Yes")/COUNTIF('Employee Data'!I2:I201,">=4") | E8: =AVERAGE('Employee Data'!G2:G201) | G8: =AVERAGE('Employee Data'!H2:H201)
A11: Department | B11: Employees | C11: Attrition | D11: Attrition Rate % | F11: Gender | G11: Attrition
A12: HR | B12: =COUNTIF('Employee Data'!D$2:D$201,A12) | C12: =COUNTIFS('Employee Data'!D$2:D$201,A12,'Employee Data'!K$2:K$201,"Yes") | D12: =IFERROR(C12/B12,0) | F12: M | G12: =COUNTIFS('Employee Data'!C$2:C$201,F12,'Employee Data'!K$2:K$201,"Yes")
A13: Finance | B13: =COUNTIF('Employee Data'!D$2:D$201,A13) | C13: =COUNTIFS('Employee Data'!D$2:D$201,A13,'Employee Data'!K$2:K$201,"Yes") | D13: =IFERROR(C13/B13,0) | F13: F | G13: =COUNTIFS('Employee Data'!C$2:C$201,F13,'Employee Data'!K$2:K$201,"Yes")
A14: IT | B14: =COUNTIF('Employee Data'!D$2:D$201,A14) | C14: =COUNTIFS('Employee Data'!D$2:D$201,A14,'Employee Data'!K$2:K$201,"Yes") | D14: =IFERROR(C14/B14,0)
A15: Sales | B15: =COUNTIF('Employee Data'!D$2:D$201,A15) | C15: =COUNTIFS('Employee Data'!D$2:D$201,A15,'Employee Data'!K$2:K$201,"Yes") | D15: =IFERROR(C15/B15,0)
A16: Marketing | B16: =COUNTIF('Employee Data'!D$2:D$201,A16) | C16: =COUNTIFS('Employee Data'!D$2:D$201,A16,'Employee Data'!K$2:K$201,"Yes") | D16: =IFERROR(C16/B16,0) | F16: Risk Level | G16: Employee Count
A17: Operations | B17: =COUNTIF('Employee Data'!D$2:D$201,A17) | C17: =COUNTIFS('Employee Data'!D$2:D$201,A17,'Employee Data'!K$2:K$201,"Yes") | D17: =IFERROR(C17/B17,0) | F17: High | G17: =COUNTIF('Employee Data'!P$2:P$201,F17)
A18: Customer Support | B18: =COUNTIF('Employee Data'!D$2:D$201,A18) | C18: =COUNTIFS('Employee Data'!D$2:D$201,A18,'Employee Data'!K$2:K$201,"Yes") | D18: =IFERROR(C18/B18,0) | F18: Medium | G18: =COUNTIF('Employee Data'!P$2:P$201,F18)
F19: Low | G19: =COUNTIF('Employee Data'!P$2:P$201,F19)

Sheet High Risk Top 10
A1: Rank | B1: Employee_ID | C1: Department | D1: Job_Role | E1: Tenure (Years) | F1: Annual Salary (INR) | G1: Performance_Rating | H1: Overtime | I1: Training_Hours | J1: Risk Score | K1: Risk Level
A2: 1 | B2: =INDEX('Employee Data'!$A$2:$A$201,MATCH(J2,'Employee Data'!$O$2:$O$201,0)) | C2: =INDEX('Employee Data'!$D$2:$D$201,MATCH(B2,'Employee Data'!$A$2:$A$201,0)) | D2: =INDEX('Employee Data'!$E$2:$E$201,MATCH(B2,'Employee Data'!$A$2:$A$201,0)) | E2: =INDEX('Employee Data'!$F$2:$F$201,MATCH(B2,'Employee Data'!$A$2:$A$201,0)) | F2: =INDEX('Employee Data'!$G$2:$G$201,MATCH(B2,'Employee Data'!$A$2:$A$201,0)) | G2: =INDEX('Employee Data'!$I$2:$I$201,MATCH(B2,'Employee Data'!$A$2:$A$201,0)) | H2: =INDEX('Employee Data'!$J$2:$J$201,MATCH(B2,'Employee Data'!$A$2:$A$201,0)) | I2: =INDEX('Employee Data'!$H$2:$H$201,MATCH(B2,'Employee Data'!$A$2:$A$201,0)) | J2: =LARGE('Employee Data'!$O$2:$O$201,A2) | K2: =IF(J2>=70,"High",IF(J2>=40,"Medium","Low"))
A3: 2 | B3: =INDEX('Employee Data'!$A$2:$A$201,MATCH(J3,'Employee Data'!$O$2:$O$201,0)) | C3: =INDEX('Employee Data'!$D$2:$D$201,MATCH(B3,'Employee Data'!$A$2:$A$201,0)) | D3: =INDEX('Employee Data'!$E$2:$E$201,MATCH(B3,'Employee Data'!$A$2:$A$201,0)) | E3: =INDEX('Employee Data'!$F$2:$F$201,MATCH(B3,'Employee Data'!$A$2:$A$201,0)) | F3: =INDEX('Employee Data'!$G$2:$G$201,MATCH(B3,'Employee Data'!$A$2:$A$201,0)) | G3: =INDEX('Employee Data'!$I$2:$I$201,MATCH(B3,'Employee Data'!$A$2:$A$201,0)) | H3: =INDEX('Employee Data'!$J$2:$J$201,MATCH(B3,'Employee Data'!$A$2:$A$201,0)) | I3: =INDEX('Employee Data'!$H$2:$H$201,MATCH(B3,'Employee Data'!$A$2:$A$201,0)) | J3: =LARGE('Employee Data'!$O$2:$O$201,A3) | K3: =IF(J3>=70,"High",IF(J3>=40,"Medium","Low"))
A4: 3 | B4: =INDEX('Employee Data'!$A$2:$A$201,MATCH(J4,'Employee Data'!$O$2:$O$201,0)) | C4: =INDEX('Employee Data'!$D$2:$D$201,MATCH(B4,'Employee Data'!$A$2:$A$201,0)) | D4: =INDEX('Employee Data'!$E$2:$E$201,MATCH(B4,'Employee Data'!$A$2:$A$201,0)) | E4: =INDEX('Employee Data'!$F$2:$F$201,MATCH(B4,'Employee Data'!$A$2:$A$201,0)) | F4: =INDEX('Employee Data'!$G$2:$G$201,MATCH(B4,'Employee Data'!$A$2:$A$201,0)) | G4: =INDEX('Employee Data'!$I$2:$I$201,MATCH(B4,'Employee Data'!$A$2:$A$201,0)) | H4: =INDEX('Employee Data'!$J$2:$J$201,MATCH(B4,'Employee Data'!$A$2:$A$201,0)) | I4: =INDEX('Employee Data'!$H$2:$H$201,MATCH(B4,'Employee Data'!$A$2:$A$201,0)) | J4: =LARGE('Employee Data'!$O$2:$O$201,A4) | K4: =IF(J4>=70,"High",IF(J4>=40,"Medium","Low"))
A5: 4 | B5: =INDEX('Employee Data'!$A$2:$A$201,MATCH(J5,'Employee Data'!$O$2:$O$201,0)) | C5: =INDEX('Employee Data'!$D$2:$D$201,MATCH(B5,'Employee Data'!$A$2:$A$201,0)) | D5: =INDEX('Employee Data'!$E$2:$E$201,MATCH(B5,'Employee Data'!$A$2:$A$201,0)) | E5: =INDEX('Employee Data'!$F$2:$F$201,MATCH(B5,'Employee Data'!$A$2:$A$201,0)) | F5: =INDEX('Employee Data'!$G$2:$G$201,MATCH(B5,'Employee Data'!$A$2:$A$201,0)) | G5: =INDEX('Employee Data'!$I$2:$I$201,MATCH(B5,'Employee Data'!$A$2:$A$201,0)) | H5: =INDEX('Employee Data'!$J$2:$J$201,MATCH(B5,'Employee Data'!$A$2:$A$201,0)) | I5: =INDEX('Employee Data'!$H$2:$H$201,MATCH(B5,'Employee Data'!$A$2:$A$201,0)) | J5: =LARGE('Employee Data'!$O$2:$O$201,A5) | K5: =IF(J5>=70,"High",IF(J5>=40,"Medium","Low"))
A6: 5 | B6: =INDEX('Employee Data'!$A$2:$A$201,MATCH(J6,'Employee Data'!$O$2:$O$201,0)) | C6: =INDEX('Employee Data'!$D$2:$D$201,MATCH(B6,'Employee Data'!$A$2:$A$201,0)) | D6: =INDEX('Employee Data'!$E$2:$E$201,MATCH(B6,'Employee Data'!$A$2:$A$201,0)) | E6: =INDEX('Employee Data'!$F$2:$F$201,MATCH(B6,'Employee Data'!$A$2:$A$201,0)) | F6: =INDEX('Employee Data'!$G$2:$G$201,MATCH(B6,'Employee Data'!$A$2:$A$201,0)) | G6: =INDEX('Employee Data'!$I$2:$I$201,MATCH(B6,'Employee Data'!$A$2:$A$201,0)) | H6: =INDEX('Employee Data'!$J$2:$J$201,MATCH(B6,'Employee Data'!$A$2:$A$201,0)) | I6: =INDEX('Employee Data'!$H$2:$H$201,MATCH(B6,'Employee Data'!$A$2:$A$201,0)) | J6: =LARGE('Employee Data'!$O$2:$O$201,A6) | K6: =IF(J6>=70,"High",IF(J6>=40,"Medium","Low"))
A7: 6 | B7: =INDEX('Employee Data'!$A$2:$A$201,MATCH(J7,'Employee Data'!$O$2:$O$201,0)) | C7: =INDEX('Employee Data'!$D$2:$D$201,MATCH(B7,'Employee Data'!$A$2:$A$201,0)) | D7: =INDEX('Employee Data'!$E$2:$E$201,MATCH(B7,'Employee Data'!$A$2:$A$201,0)) | E7: =INDEX('Employee Data'!$F$2:$F$201,MATCH(B7,'Employee Data'!$A$2:$A$201,0)) | F7: =INDEX('Employee Data'!$G$2:$G$201,MATCH(B7,'Employee Data'!$A$2:$A$201,0)) | G7: =INDEX('Employee Data'!$I$2:$I$201,MATCH(B7,'Employee Data'!$A$2:$A$201,0)) | H7: =INDEX('Employee Data'!$J$2:$J$201,MATCH(B7,'Employee Data'!$A$2:$A$201,0)) | I7: =INDEX('Employee Data'!$H$2:$H$201,MATCH(B7,'Employee Data'!$A$2:$A$201,0)) | J7: =LARGE('Employee Data'!$O$2:$O$201,A7) | K7: =IF(J7>=70,"High",IF(J7>=40,"Medium","Low"))
A8: 7 | B8: =INDEX('Employee Data'!$A$2:$A$201,MATCH(J8,'Employee Data'!$O$2:$O$201,0)) | C8: =INDEX('Employee Data'!$D$2:$D$201,MATCH(B8,'Employee Data'!$A$2:$A$201,0)) | D8: =INDEX('Employee Data'!$E$2:$E$201,MATCH(B8,'Employee Data'!$A$2:$A$201,0)) | E8: =INDEX('Employee Data'!$F$2:$F$201,MATCH(B8,'Employee Data'!$A$2:$A$201,0)) | F8: =INDEX('Employee Data'!$G$2:$G$201,MATCH(B8,'Employee Data'!$A$2:$A$201,0)) | G8: =INDEX('Employee Data'!$I$2:$I$201,MATCH(B8,'Employee Data'!$A$2:$A$201,0)) | H8: =INDEX('Employee Data'!$J$2:$J$201,MATCH(B8,'Employee Data'!$A$2:$A$201,0)) | I8: =INDEX('Employee Data'!$H$2:$H$201,MATCH(B8,'Employee Data'!$A$2:$A$201,0)) | J8: =LARGE('Employee Data'!$O$2:$O$201,A8) | K8: =IF(J8>=70,"High",IF(J8>=40,"Medium","Low"))
A9: 8 | B9: =INDEX('Employee Data'!$A$2:$A$201,MATCH(J9,'Employee Data'!$O$2:$O$201,0)) | C9: =INDEX('Employee Data'!$D$2:$D$201,MATCH(B9,'Employee Data'!$A$2:$A$201,0)) | D9: =INDEX('Employee Data'!$E$2:$E$201,MATCH(B9,'Employee Data'!$A$2:$A$201,0)) | E9: =INDEX('Employee Data'!$F$2:$F$201,MATCH(B9,'Employee Data'!$A$2:$A$201,0)) | F9: =INDEX('Employee Data'!$G$2:$G$201,MATCH(B9,'Employee Data'!$A$2:$A$201,0)) | G9: =INDEX('Employee Data'!$I$2:$I$201,MATCH(B9,'Employee Data'!$A$2:$A$201,0)) | H9: =INDEX('Employee Data'!$J$2:$J$201,MATCH(B9,'Employee Data'!$A$2:$A$201,0)) | I9: =INDEX('Employee Data'!$H$2:$H$201,MATCH(B9,'Employee Data'!$A$2:$A$201,0)) | J9: =LARGE('Employee Data'!$O$2:$O$201,A9) | K9: =IF(J9>=70,"High",IF(J9>=40,"Medium","Low"))
A10: 9 | B10: =INDEX('Employee Data'!$A$2:$A$201,MATCH(J10,'Employee Data'!$O$2:$O$201,0)) | C10: =INDEX('Employee Data'!$D$2:$D$201,MATCH(B10,'Employee Data'!$A$2:$A$201,0)) | D10: =INDEX('Employee Data'!$E$2:$E$201,MATCH(B10,'Employee Data'!$A$2:$A$201,0)) | E10: =INDEX('Employee Data'!$F$2:$F$201,MATCH(B10,'Employee Data'!$A$2:$A$201,0)) | F10: =INDEX('Employee Data'!$G$2:$G$201,MATCH(B10,'Employee Data'!$A$2:$A$201,0)) | G10: =INDEX('Employee Data'!$I$2:$I$201,MATCH(B10,'Employee Data'!$A$2:$A$201,0)) | H10: =INDEX('Employee Data'!$J$2:$J$201,MATCH(B10,'Employee Data'!$A$2:$A$201,0)) | I10: =INDEX('Employee Data'!$H$2:$H$201,MATCH(B10,'Employee Data'!$A$2:$A$201,0)) | J10: =LARGE('Employee Data'!$O$2:$O$201,A10) | K10: =IF(J10>=70,"High",IF(J10>=40,"Medium","Low"))
A11: 10 | B11: =INDEX('Employee Data'!$A$2:$A$201,MATCH(J11,'Employee Data'!$O$2:$O$201,0)) | C11: =INDEX('Employee Data'!$D$2:$D$201,MATCH(B11,'Employee Data'!$A$2:$A$201,0)) | D11: =INDEX('Employee Data'!$E$2:$E$201,MATCH(B11,'Employee Data'!$A$2:$A$201,0)) | E11: =INDEX('Employee Data'!$F$2:$F$201,MATCH(B11,'Employee Data'!$A$2:$A$201,0)) | F11: =INDEX('Employee Data'!$G$2:$G$201,MATCH(B11,'Employee Data'!$A$2:$A$201,0)) | G11: =INDEX('Employee Data'!$I$2:$I$201,MATCH(B11,'Employee Data'!$A$2:$A$201,0)) | H11: =INDEX('Employee Data'!$J$2:$J$201,MATCH(B11,'Employee Data'!$A$2:$A$201,0)) | I11: =INDEX('Employee Data'!$H$2:$H$201,MATCH(B11,'Employee Data'!$A$2:$A$201,0)) | J11: =LARGE('Employee Data'!$O$2:$O$201,A11) | K11: =IF(J11>=70,"High",IF(J11>=40,"Medium","Low"))

Sheet What-If Scenarios
A1: WHAT-IF RETENTION SCENARIO ANALYSIS
A3: Scenario | B3: Assumption | C3: Input Value | D3: Purpose | E3: Expected Direction | F3: Notes
A4: Baseline | B4: No intervention | C4: 0 | D4: Current workforce risk | E4: Baseline | F4: Reference case
A5: Scenario 1 | B5: Increase Training Hours | C5: 0.2 | D5: Increase training by 20% | E5: Risk may reduce | F5: Review employees with training below 5 hours
A6: Scenario 2 | B6: Increase Low Performer Salaries | C6: 0.1 | D6: Increase salaries by 10% for low performers | E6: Risk may reduce | F6: Compare against department median
A7: Scenario 3 | B7: Reduce Overtime | C7: 0.3 | D7: Reduce overtime exposure by 30% | E7: Risk may reduce | F7: Review workload balancing
A10: Note: | B10: The scenarios provide planning assumptions. Recalculate the risk model after applying each intervention to estimate the change in risk.

Sheet Instructions
A1: PROJECT GUIDE
A2: Step | B2: What to do
A3: 1 | B3: Use Employee Data as the raw employee dataset. It contains 200 sample records.
A4: 2 | B4: Monthly Salary, Tenure Group, Department Median Salary, Risk Score and Risk Level are formula-driven columns.
A5: 3 | B5: Risk score rules: Tenure <=2 years = 20 points; Performance <=2 = 25; Salary below department median = 15; Overtime Yes = 20; Training Hours <5 = 10.
A6: 4 | B6: Risk levels: High = 70+, Medium = 40–69, Low = below 40.
A7: 5 | B7: HR Dashboard contains KPI cards, department summary, gender summary, risk summary and charts.
A8: 6 | B8: High Risk Top 10 displays the ten highest risk scores using formulas.
A9: 7 | B9: What-If Scenarios contains assumptions for training, salary and overtime interventions.
A10: 8 | B10: All salary fields use Indian Rupees (₹) formatting.
